{
  "base": [
    21.910615795842013,
    12.010468662173492,
    279.3277788354938,
    1
  ],
  "accent": [
    77.2099951559994,
    28.300262975292764,
    286.7410868163179,
    1
  ],
  "contrast": 30
}
