{
  "base": [
    95.07617314910061,
    2.1856276247566773,
    265.9705972968138,
    1
  ],
  "accent": [
    59.036367435227575,
    64.95178007367842,
    286.14880054252126,
    1
  ],
  "contrast": 30
}
