{
  "base": [
    16.02115422223583,
    13.102236978320558,
    282.51213623981425,
    1
  ],
  "accent": [
    77.70174269990808,
    31.022460405827054,
    283.8435613017766,
    1
  ],
  "contrast": 30
}
