{
  "base": [
    11.858911555975908,
    11.316733254070227,
    288.18047966235713,
    1
  ],
  "accent": [
    77.92023535614784,
    33.76311418252568,
    282.1091222265776,
    1
  ],
  "contrast": 30
}
